band,definition,bin_lo_px,bin_hi_px,bin_lo_m,bin_hi_m,count
dem_slope,strongest,-4.5,-4.25,-450.0,-425.0,0
dem_slope,strongest,-4.25,-4.0,-425.0,-400.0,0
dem_slope,strongest,-4.0,-3.75,-400.0,-375.0,32
dem_slope,strongest,-3.75,-3.5,-375.0,-350.0,78
dem_slope,strongest,-3.5,-3.25,-350.0,-325.0,112
dem_slope,strongest,-3.25,-3.0,-325.0,-300.0,225
dem_slope,strongest,-3.0,-2.75,-300.0,-275.0,105
dem_slope,strongest,-2.75,-2.5,-275.0,-250.0,23
dem_slope,strongest,-2.5,-2.25,-250.0,-225.0,79
dem_slope,strongest,-2.25,-2.0,-225.0,-200.0,160
dem_slope,strongest,-2.0,-1.75,-200.0,-175.0,66
dem_slope,strongest,-1.75,-1.5,-175.0,-150.0,14
dem_slope,strongest,-1.5,-1.25,-150.0,-125.0,40
dem_slope,strongest,-1.25,-1.0,-125.0,-100.0,128
dem_slope,strongest,-1.0,-0.75,-100.0,-75.0,81
dem_slope,strongest,-0.75,-0.5,-75.0,-50.0,2
dem_slope,strongest,-0.5,-0.25,-50.0,-25.0,5
dem_slope,strongest,-0.25,0.0,-25.0,0.0,167
dem_slope,strongest,0.0,0.25,0.0,25.0,188
dem_slope,strongest,0.25,0.5,25.0,50.0,1
dem_slope,strongest,0.5,0.75,50.0,75.0,6
dem_slope,strongest,0.75,1.0,75.0,100.0,96
dem_slope,strongest,1.0,1.25,100.0,125.0,146
dem_slope,strongest,1.25,1.5,125.0,150.0,52
dem_slope,strongest,1.5,1.75,150.0,175.0,17
dem_slope,strongest,1.75,2.0,175.0,200.0,78
dem_slope,strongest,2.0,2.25,200.0,225.0,171
dem_slope,strongest,2.25,2.5,225.0,250.0,56
dem_slope,strongest,2.5,2.75,250.0,275.0,37
dem_slope,strongest,2.75,3.0,275.0,300.0,113
dem_slope,strongest,3.0,3.25,300.0,325.0,267
dem_slope,strongest,3.25,3.5,325.0,350.0,122
dem_slope,strongest,3.5,3.75,350.0,375.0,91
dem_slope,strongest,3.75,4.0,375.0,400.0,28
dem_slope,strongest,4.0,4.25,400.0,425.0,0
dem_slope,strongest,4.25,4.5,425.0,450.0,0
dem_slope,nearest,-4.5,-4.25,-450.0,-425.0,0
dem_slope,nearest,-4.25,-4.0,-425.0,-400.0,0
dem_slope,nearest,-4.0,-3.75,-400.0,-375.0,0
dem_slope,nearest,-3.75,-3.5,-375.0,-350.0,3
dem_slope,nearest,-3.5,-3.25,-350.0,-325.0,5
dem_slope,nearest,-3.25,-3.0,-325.0,-300.0,57
dem_slope,nearest,-3.0,-2.75,-300.0,-275.0,42
dem_slope,nearest,-2.75,-2.5,-275.0,-250.0,13
dem_slope,nearest,-2.5,-2.25,-250.0,-225.0,32
dem_slope,nearest,-2.25,-2.0,-225.0,-200.0,106
dem_slope,nearest,-2.0,-1.75,-200.0,-175.0,47
dem_slope,nearest,-1.75,-1.5,-175.0,-150.0,13
dem_slope,nearest,-1.5,-1.25,-150.0,-125.0,35
dem_slope,nearest,-1.25,-1.0,-125.0,-100.0,120
dem_slope,nearest,-1.0,-0.75,-100.0,-75.0,84
dem_slope,nearest,-0.75,-0.5,-75.0,-50.0,1
dem_slope,nearest,-0.5,-0.25,-50.0,-25.0,4
dem_slope,nearest,-0.25,0.0,-25.0,0.0,155
dem_slope,nearest,0.0,0.25,0.0,25.0,183
dem_slope,nearest,0.25,0.5,25.0,50.0,1
dem_slope,nearest,0.5,0.75,50.0,75.0,9
dem_slope,nearest,0.75,1.0,75.0,100.0,88
dem_slope,nearest,1.0,1.25,100.0,125.0,116
dem_slope,nearest,1.25,1.5,125.0,150.0,44
dem_slope,nearest,1.5,1.75,150.0,175.0,13
dem_slope,nearest,1.75,2.0,175.0,200.0,66
dem_slope,nearest,2.0,2.25,200.0,225.0,92
dem_slope,nearest,2.25,2.5,225.0,250.0,18
dem_slope,nearest,2.5,2.75,250.0,275.0,14
dem_slope,nearest,2.75,3.0,275.0,300.0,55
dem_slope,nearest,3.0,3.25,300.0,325.0,69
dem_slope,nearest,3.25,3.5,325.0,350.0,6
dem_slope,nearest,3.5,3.75,350.0,375.0,2
dem_slope,nearest,3.75,4.0,375.0,400.0,0
dem_slope,nearest,4.0,4.25,400.0,425.0,0
dem_slope,nearest,4.25,4.5,425.0,450.0,0
mag_hg,strongest,-4.5,-4.25,-450.0,-425.0,0
mag_hg,strongest,-4.25,-4.0,-425.0,-400.0,0
mag_hg,strongest,-4.0,-3.75,-400.0,-375.0,17
mag_hg,strongest,-3.75,-3.5,-375.0,-350.0,45
mag_hg,strongest,-3.5,-3.25,-350.0,-325.0,60
mag_hg,strongest,-3.25,-3.0,-325.0,-300.0,120
mag_hg,strongest,-3.0,-2.75,-300.0,-275.0,74
mag_hg,strongest,-2.75,-2.5,-275.0,-250.0,15
mag_hg,strongest,-2.5,-2.25,-250.0,-225.0,25
mag_hg,strongest,-2.25,-2.0,-225.0,-200.0,58
mag_hg,strongest,-2.0,-1.75,-200.0,-175.0,32
mag_hg,strongest,-1.75,-1.5,-175.0,-150.0,8
mag_hg,strongest,-1.5,-1.25,-150.0,-125.0,18
mag_hg,strongest,-1.25,-1.0,-125.0,-100.0,57
mag_hg,strongest,-1.0,-0.75,-100.0,-75.0,20
mag_hg,strongest,-0.75,-0.5,-75.0,-50.0,3
mag_hg,strongest,-0.5,-0.25,-50.0,-25.0,5
mag_hg,strongest,-0.25,0.0,-25.0,0.0,46
mag_hg,strongest,0.0,0.25,0.0,25.0,30
mag_hg,strongest,0.25,0.5,25.0,50.0,1
mag_hg,strongest,0.5,0.75,50.0,75.0,1
mag_hg,strongest,0.75,1.0,75.0,100.0,30
mag_hg,strongest,1.0,1.25,100.0,125.0,38
mag_hg,strongest,1.25,1.5,125.0,150.0,12
mag_hg,strongest,1.5,1.75,150.0,175.0,7
mag_hg,strongest,1.75,2.0,175.0,200.0,32
mag_hg,strongest,2.0,2.25,200.0,225.0,55
mag_hg,strongest,2.25,2.5,225.0,250.0,23
mag_hg,strongest,2.5,2.75,250.0,275.0,14
mag_hg,strongest,2.75,3.0,275.0,300.0,71
mag_hg,strongest,3.0,3.25,300.0,325.0,103
mag_hg,strongest,3.25,3.5,325.0,350.0,58
mag_hg,strongest,3.5,3.75,350.0,375.0,36
mag_hg,strongest,3.75,4.0,375.0,400.0,17
mag_hg,strongest,4.0,4.25,400.0,425.0,0
mag_hg,strongest,4.25,4.5,425.0,450.0,0
mag_hg,nearest,-4.5,-4.25,-450.0,-425.0,0
mag_hg,nearest,-4.25,-4.0,-425.0,-400.0,0
mag_hg,nearest,-4.0,-3.75,-400.0,-375.0,0
mag_hg,nearest,-3.75,-3.5,-375.0,-350.0,0
mag_hg,nearest,-3.5,-3.25,-350.0,-325.0,1
mag_hg,nearest,-3.25,-3.0,-325.0,-300.0,14
mag_hg,nearest,-3.0,-2.75,-300.0,-275.0,24
mag_hg,nearest,-2.75,-2.5,-275.0,-250.0,8
mag_hg,nearest,-2.5,-2.25,-250.0,-225.0,24
mag_hg,nearest,-2.25,-2.0,-225.0,-200.0,94
mag_hg,nearest,-2.0,-1.75,-200.0,-175.0,101
mag_hg,nearest,-1.75,-1.5,-175.0,-150.0,20
mag_hg,nearest,-1.5,-1.25,-150.0,-125.0,59
mag_hg,nearest,-1.25,-1.0,-125.0,-100.0,197
mag_hg,nearest,-1.0,-0.75,-100.0,-75.0,184
mag_hg,nearest,-0.75,-0.5,-75.0,-50.0,21
mag_hg,nearest,-0.5,-0.25,-50.0,-25.0,19
mag_hg,nearest,-0.25,0.0,-25.0,0.0,295
mag_hg,nearest,0.0,0.25,0.0,25.0,307
mag_hg,nearest,0.25,0.5,25.0,50.0,20
mag_hg,nearest,0.5,0.75,50.0,75.0,12
mag_hg,nearest,0.75,1.0,75.0,100.0,182
mag_hg,nearest,1.0,1.25,100.0,125.0,174
mag_hg,nearest,1.25,1.5,125.0,150.0,55
mag_hg,nearest,1.5,1.75,150.0,175.0,20
mag_hg,nearest,1.75,2.0,175.0,200.0,103
mag_hg,nearest,2.0,2.25,200.0,225.0,80
mag_hg,nearest,2.25,2.5,225.0,250.0,15
mag_hg,nearest,2.5,2.75,250.0,275.0,11
mag_hg,nearest,2.75,3.0,275.0,300.0,34
mag_hg,nearest,3.0,3.25,300.0,325.0,16
mag_hg,nearest,3.25,3.5,325.0,350.0,0
mag_hg,nearest,3.5,3.75,350.0,375.0,0
mag_hg,nearest,3.75,4.0,375.0,400.0,0
mag_hg,nearest,4.0,4.25,400.0,425.0,0
mag_hg,nearest,4.25,4.5,425.0,450.0,0
lidar_lapneg,strongest,-4.5,-4.25,-450.0,-425.0,0
lidar_lapneg,strongest,-4.25,-4.0,-425.0,-400.0,0
lidar_lapneg,strongest,-4.0,-3.75,-400.0,-375.0,8
lidar_lapneg,strongest,-3.75,-3.5,-375.0,-350.0,19
lidar_lapneg,strongest,-3.5,-3.25,-350.0,-325.0,26
lidar_lapneg,strongest,-3.25,-3.0,-325.0,-300.0,42
lidar_lapneg,strongest,-3.0,-2.75,-300.0,-275.0,18
lidar_lapneg,strongest,-2.75,-2.5,-275.0,-250.0,3
lidar_lapneg,strongest,-2.5,-2.25,-250.0,-225.0,12
lidar_lapneg,strongest,-2.25,-2.0,-225.0,-200.0,31
lidar_lapneg,strongest,-2.0,-1.75,-200.0,-175.0,22
lidar_lapneg,strongest,-1.75,-1.5,-175.0,-150.0,3
lidar_lapneg,strongest,-1.5,-1.25,-150.0,-125.0,8
lidar_lapneg,strongest,-1.25,-1.0,-125.0,-100.0,19
lidar_lapneg,strongest,-1.0,-0.75,-100.0,-75.0,13
lidar_lapneg,strongest,-0.75,-0.5,-75.0,-50.0,0
lidar_lapneg,strongest,-0.5,-0.25,-50.0,-25.0,0
lidar_lapneg,strongest,-0.25,0.0,-25.0,0.0,34
lidar_lapneg,strongest,0.0,0.25,0.0,25.0,37
lidar_lapneg,strongest,0.25,0.5,25.0,50.0,1
lidar_lapneg,strongest,0.5,0.75,50.0,75.0,1
lidar_lapneg,strongest,0.75,1.0,75.0,100.0,17
lidar_lapneg,strongest,1.0,1.25,100.0,125.0,20
lidar_lapneg,strongest,1.25,1.5,125.0,150.0,6
lidar_lapneg,strongest,1.5,1.75,150.0,175.0,2
lidar_lapneg,strongest,1.75,2.0,175.0,200.0,18
lidar_lapneg,strongest,2.0,2.25,200.0,225.0,24
lidar_lapneg,strongest,2.25,2.5,225.0,250.0,18
lidar_lapneg,strongest,2.5,2.75,250.0,275.0,4
lidar_lapneg,strongest,2.75,3.0,275.0,300.0,26
lidar_lapneg,strongest,3.0,3.25,300.0,325.0,52
lidar_lapneg,strongest,3.25,3.5,325.0,350.0,25
lidar_lapneg,strongest,3.5,3.75,350.0,375.0,20
lidar_lapneg,strongest,3.75,4.0,375.0,400.0,9
lidar_lapneg,strongest,4.0,4.25,400.0,425.0,0
lidar_lapneg,strongest,4.25,4.5,425.0,450.0,0
lidar_lapneg,nearest,-4.5,-4.25,-450.0,-425.0,0
lidar_lapneg,nearest,-4.25,-4.0,-425.0,-400.0,0
lidar_lapneg,nearest,-4.0,-3.75,-400.0,-375.0,0
lidar_lapneg,nearest,-3.75,-3.5,-375.0,-350.0,0
lidar_lapneg,nearest,-3.5,-3.25,-350.0,-325.0,2
lidar_lapneg,nearest,-3.25,-3.0,-325.0,-300.0,19
lidar_lapneg,nearest,-3.0,-2.75,-300.0,-275.0,31
lidar_lapneg,nearest,-2.75,-2.5,-275.0,-250.0,6
lidar_lapneg,nearest,-2.5,-2.25,-250.0,-225.0,14
lidar_lapneg,nearest,-2.25,-2.0,-225.0,-200.0,43
lidar_lapneg,nearest,-2.0,-1.75,-200.0,-175.0,42
lidar_lapneg,nearest,-1.75,-1.5,-175.0,-150.0,8
lidar_lapneg,nearest,-1.5,-1.25,-150.0,-125.0,19
lidar_lapneg,nearest,-1.25,-1.0,-125.0,-100.0,64
lidar_lapneg,nearest,-1.0,-0.75,-100.0,-75.0,36
lidar_lapneg,nearest,-0.75,-0.5,-75.0,-50.0,3
lidar_lapneg,nearest,-0.5,-0.25,-50.0,-25.0,1
lidar_lapneg,nearest,-0.25,0.0,-25.0,0.0,102
lidar_lapneg,nearest,0.0,0.25,0.0,25.0,90
lidar_lapneg,nearest,0.25,0.5,25.0,50.0,1
lidar_lapneg,nearest,0.5,0.75,50.0,75.0,2
lidar_lapneg,nearest,0.75,1.0,75.0,100.0,45
lidar_lapneg,nearest,1.0,1.25,100.0,125.0,46
lidar_lapneg,nearest,1.25,1.5,125.0,150.0,25
lidar_lapneg,nearest,1.5,1.75,150.0,175.0,9
lidar_lapneg,nearest,1.75,2.0,175.0,200.0,32
lidar_lapneg,nearest,2.0,2.25,200.0,225.0,39
lidar_lapneg,nearest,2.25,2.5,225.0,250.0,12
lidar_lapneg,nearest,2.5,2.75,250.0,275.0,7
lidar_lapneg,nearest,2.75,3.0,275.0,300.0,36
lidar_lapneg,nearest,3.0,3.25,300.0,325.0,14
lidar_lapneg,nearest,3.25,3.5,325.0,350.0,1
lidar_lapneg,nearest,3.5,3.75,350.0,375.0,0
lidar_lapneg,nearest,3.75,4.0,375.0,400.0,0
lidar_lapneg,nearest,4.0,4.25,400.0,425.0,0
lidar_lapneg,nearest,4.25,4.5,425.0,450.0,0
