record,n_transects,median_offset_px,median_offset_m,mad_px,sign_agreement,frac_abs_gt_2px,mean_abs_px
104,12,-0.00838945689611137,-0.8389456896111369,1.9483041383791715,0.5,0.5,1.681939314585179
106,30,0.0056563811376690865,0.5656381137669086,1.6396812368184328,0.5333333333333333,0.4,1.5504884357059685
1198,9,0.9352830797433853,93.52830797433853,1.103216227144003,0.6666666666666666,0.3333333333333333,1.2849820481302838
1201,22,0.02076488360762596,2.076488360762596,1.0256936225341633,0.5909090909090909,0.2727272727272727,1.2281212733624587
1231,9,-0.037073373794555664,-3.7073373794555664,1.0398987457156181,0.5555555555555556,0.1111111111111111,1.0655082748530225
1246,16,0.5105067647527903,51.05067647527903,1.5319751512724906,0.5,0.4375,1.6015660460980143
1252,11,0.007375955581665039,0.7375955581665039,1.2196708992123604,0.5454545454545454,0.36363636363636365,1.6007356124676086
1299,12,-1.636750403791666,-163.6750403791666,1.0015524104237556,0.6666666666666667,0.3333333333333333,1.7064141191628248
1307,8,-0.726057200692594,-72.6057200692594,0.7712757075205445,0.75,0.125,1.086697423888836
1379,36,0.0019477643945720047,0.19477643945720047,1.0062520573555958,0.5277777777777778,0.19444444444444445,0.9973067796559513
1380,10,0.5148219442926347,51.48219442926347,0.5229172525505419,0.8,0.0,0.6465241179437726
151,10,0.018322949297726154,1.8322949297726154,0.3530422202311456,0.6,0.0,0.5511214342899621
152,9,1.00570998666808,100.57099866680801,1.0341011728160083,0.6666666666666666,0.2222222222222222,1.3530711341752775
1555,9,1.1401770487427711,114.01770487427711,1.8322047498077154,0.5555555555555556,0.4444444444444444,1.6528838822204206
1576,8,0.5125565859489143,51.25565859489143,1.0360109154134989,0.625,0.5,1.4189827046357095
1577,12,0.9993274677544832,99.93274677544832,1.0160215918440372,0.75,0.4166666666666667,1.4426914663648251
1581,18,0.500700949691236,50.0700949691236,0.5483578080311418,0.6111111111111112,0.2777777777777778,1.1339300069957972
1677,18,1.0669065713882446,106.69065713882446,0.9336430439725518,0.7222222222222222,0.2777777777777778,1.4501063272602752
1679,9,0.09568428248167038,9.568428248167038,1.0759603567421436,0.6666666666666666,0.2222222222222222,1.0768187983582418
189,23,-0.1649981290102005,-16.49981290102005,0.8429205231368542,0.6956521739130435,0.30434782608695654,1.0735149237291848
191,17,-0.06158081814646721,-6.158081814646721,1.4704785384237766,0.5294117647058824,0.29411764705882354,1.4510463448617992
1929,14,-0.014438670594245195,-1.4438670594245195,1.124562632292509,0.7142857142857143,0.35714285714285715,1.167859951267019
1937,9,1.0392713211476803,103.92713211476803,1.015586655586958,0.6666666666666666,0.2222222222222222,1.320655660910739
1939,13,-0.8132059425115585,-81.32059425115585,0.8266355693340302,0.5384615384615384,0.15384615384615385,0.9963028570278906
1940,8,-1.479025801178068,-147.9025801178068,0.9878338464768603,0.75,0.125,1.501688374526566
265,8,-1.5248209293931723,-152.48209293931723,1.510632230900228,0.75,0.5,1.7993706620763987
2669,9,0.9958276655524969,99.58276655524969,0.9872725596651435,0.7777777777777778,0.3333333333333333,1.4903105285096292
322,9,-2.106053166091442,-210.6053166091442,0.7888937070965767,1.0,0.7777777777777778,2.153964386942486
342,13,0.11562608182430267,11.562608182430267,0.8965318398550153,0.8461538461538461,0.3076923076923077,1.0807201345809376
399,13,0.0015009838389232755,0.15009838389232755,1.038758588139899,0.5384615384615384,0.0,0.7505823245648151
40,9,-0.004586027469485998,-0.4586027469485998,1.027305846568197,0.5555555555555556,0.2222222222222222,1.0115761359015272
405,19,-0.9927338846027851,-99.27338846027851,0.9952107591088861,0.8421052631578947,0.21052631578947367,1.2370823874531964
443,16,-0.4560550916939974,-45.60550916939974,1.4667879864573479,0.5,0.4375,1.581077123133582
519,17,1.406248189508915,140.6248189508915,0.8404183876700699,0.7058823529411765,0.4117647058823529,1.8332856741514714
604,24,0.04205573722720146,4.205573722720146,1.0554452332435176,0.5833333333333334,0.3333333333333333,1.44112277001841
729,10,-0.5111478129401803,-51.11478129401803,1.7000308874994516,0.6,0.5,1.6167263863797416
730,11,-0.06448093056678772,-6.448093056678772,1.0069111995398998,0.6363636363636364,0.36363636363636365,1.3601694780994544
749,29,0.029730258509516716,2.9730258509516716,1.9421905390918255,0.5172413793103449,0.4482758620689655,1.5402639915660858
750,12,-0.025998106226325035,-2.5998106226325035,0.9616959821432829,0.6666666666666667,0.3333333333333333,1.1715410692462076
76,23,-0.011148014105856419,-1.1148014105856419,1.1045525958761573,0.6086956521739131,0.30434782608695654,1.2317011389759895
774,87,0.006003941874951124,0.6003941874951124,1.979976358357817,0.5287356321839081,0.4482758620689655,1.8885368474224087
776,19,-0.9813682734966278,-98.13682734966278,1.1097527369856834,0.5789473684210527,0.42105263157894735,1.6710855442797765
802,22,-0.9731440739706159,-97.31440739706159,0.9787208354100585,0.6818181818181819,0.22727272727272727,1.2752270853908902
82,10,0.9915309511125088,99.15309511125088,1.086359679698944,0.7,0.3,1.4437651492655277
862,51,0.023596325889229774,2.3596325889229774,1.1130537521094084,0.6078431372549019,0.29411764705882354,1.3477514710810319
967,13,0.09272083640098572,9.272083640098572,0.8200067281723022,0.7692307692307693,0.3076923076923077,1.1915931376234556
98,21,-0.017990505322813988,-1.7990505322813988,1.1871990319341421,0.5238095238095238,0.47619047619047616,1.650346551800058
